Date,Time,WOPR,WWPR,WGPR,GOR,WBHP
2015-07-06,5,1314,0.0,0.240,183,323
2015-07-07,6,1321,0.0,0.260,197,335
2015-07-08,7,1309,0.0,0.247,189,343
2015-07-09,8,1299,0.0,0.233,179,348
2015-07-10,9,1287,0.0,0.240,186,349
2015-07-11,10,1286,0.0,0.224,174,348
2015-07-28,27,1338,0.0,0.213,159,345
2015-07-29,28,1336,0.0,0.217,162,345
2015-07-30,29,1325,0.0,0.214,162,345
2015-07-31,30,1318,0.0,0.207,157,343
2015-08-01,31,1326,0.0,0.203,153,345
2015-08-02,32,1319,0.0,0.204,155,351
2015-08-03,33,1311,0.0,0.206,157,351
2015-08-04,34,1307,0.0,0.206,158,343
2015-08-05,35,1280,0.0,0.200,156,347
2015-08-06,36,1275,0.0,0.200,157,344
2015-08-07,37,1300,0.0,0.202,155,341
2015-08-08,38,1286,0.0,0.207,161,342
2015-08-09,39,1298,0.0,0.214,165,328
2015-08-10,40,1275,0.0,0.208,163,340
2015-08-11,41,1260,0.0,0.203,161,345
2015-08-12,42,1261,0.0,0.209,166,341
2015-08-13,43,1258,0.0,0.203,161,339
2015-08-14,44,1262,0.0,0.202,160,340
2015-08-15,45,1255,0.0,0.201,160,339
2015-08-16,46,1251,0.0,0.202,161,338
2015-08-17,47,1253,0.0,0.200,160,338
2015-08-18,48,1237,0.0,0.190,154,339
2015-08-19,49,1241,0.0,0.198,160,337
2015-08-20,50,1238,0.0,0.195,158,339
2015-08-21,51,1235,0.0,0.199,161,337
2015-08-22,52,1242,0.0,0.193,155,335
2015-08-23,53,1239,0.0,0.200,161,335
2015-08-24,54,1235,0.0,0.194,157,335
2015-08-25,55,1234,0.0,0.203,165,338
2015-08-26,56,1229,0.0,0.199,162,338
2015-08-27,57,1233,0.0,0.203,165,337
2015-08-28,58,1228,0.0,0.193,157,339
2015-08-29,59,1224,0.0,0.201,164,335
2015-08-30,60,1220,0.0,0.188,154,337
2015-08-31,61,1222,0.0,0.200,164,335
2015-09-01,62,1219,0.0,0.194,159,336
2015-09-02,63,1215,0.0,0.196,161,335
2015-09-03,64,1217,0.0,0.192,158,336
2015-09-04,65,1220,0.0,0.188,154,336
2015-09-05,66,1211,0.0,0.204,168,333
2015-09-06,67,1208,0.0,0.198,164,335
2015-09-07,68,1205,0.0,0.195,162,335
2015-09-08,69,1218,0.0,0.198,163,333
2015-09-09,70,1187,0.0,0.195,164,335
2015-09-10,71,1190,0.0,0.202,170,334
2015-09-11,72,1191,0.0,0.199,167,333
2015-09-12,73,1189,0.0,0.192,161,332
2015-09-13,74,1187,0.0,0.190,160,332
2015-09-14,75,1188,0.0,0.194,163,334
2015-09-15,76,1182,0.0,0.186,157,333
2015-09-16,77,1180,0.0,0.190,161,333
2015-09-17,78,1181,0.0,0.193,163,331
2015-09-18,79,1177,0.0,0.191,162,332
2015-09-19,80,1171,0.0,0.190,162,333
2015-09-20,81,1170,0.0,0.193,165,332
2015-09-21,82,1168,0.0,0.183,157,332
2015-09-22,83,1186,0.0,0.191,161,331
2015-09-23,84,1185,0.0,0.190,160,328
2015-09-24,85,1161,0.0,0.187,161,325
2015-09-25,86,1185,0.0,0.191,161,328
2015-09-26,87,1199,0.0,0.186,155,325
2015-09-27,88,1177,0.0,0.186,158,323
2015-09-28,89,1162,0.0,0.184,158,323
2015-09-29,90,1182,0.0,0.233,197,321
2015-09-30,91,1162,0.0,0.241,207,325
2015-10-01,92,1150,0.0,0.241,210,319
2015-10-02,93,1165,0.0,0.247,212,315
2015-10-03,94,1158,0.0,0.249,215,314
2015-10-04,95,1151,0.0,0.254,221,314
2015-10-05,96,1159,0.0,0.264,228,310
2015-10-06,97,1183,0.0,0.324,274,304
2015-10-07,98,1161,0.0,0.308,265,312
2015-10-08,99,1156,0.0,0.343,297,310
2015-10-09,100,1160,0.0,0.347,299,309
2015-10-10,101,1158,0.0,0.321,277,307
2015-10-11,102,1162,0.0,0.379,326,304
2015-10-12,103,1170,0.0,0.386,330,303
2015-10-13,104,1164,0.0,0.345,296,303
2015-10-14,105,1178,0.0,0.322,273,301
2015-10-15,106,1163,0.0,0.322,277,301
2015-10-16,107,1156,0.0,0.320,277,300
2015-10-17,108,1172,0.0,0.338,288,299
2015-10-18,109,1147,0.0,0.327,285,301
2015-10-19,110,1153,0.0,0.323,280,301
2015-10-20,111,1159,0.0,0.334,288,299
2015-10-21,112,1147,0.0,0.320,279,301
2015-10-22,113,1153,0.0,0.330,286,299
2015-10-23,114,1139,0.0,0.318,279,298
2015-10-24,115,1146,0.0,0.305,266,297
2015-10-25,116,1140,0.0,0.316,277,298
2015-10-26,117,1141,0.0,0.300,263,283
2015-11-27,149,1073,0.0,0.349,325,147
2015-11-28,150,1087,0.0,0.359,330,155
2015-11-29,151,1069,0.0,0.332,311,169
2015-11-30,152,1076,0.0,0.335,311,153
2015-12-01,153,1093,0.0,0.33,302,147
2015-12-04,156,1082,0.0,0.348,322,167
2015-12-05,157,1071,0.0,0.342,319,164.5
2015-12-07,159,1070,0.0,0.354,331,31
2015-12-08,160,1065,0.0,0.356,334,37.8
2015-12-09,161,1068,0.0,0.345,323,40.16
2015-12-10,162,1067,0.0,0.35,328,43
2015-12-11,163,1054,0.0,0.357,339,40
2015-12-12,164,1061,0.0,0.347,327,41
2015-12-13,165,1062,0.0,0.337,317,37
2015-12-14,166,1073,0.0,0.349,325,37
2015-12-16,168,1048,0.0,0.346,330,278
2015-12-17,169,1049,0.0,0.342,326,279
2015-12-18,170,1045,1.0,0.339,324,275
2015-12-19,171,1039,2.1,0.314,302,281
2015-12-20,172,1044,2.1,0.326,312,278
2015-12-21,173,1030,2.1,0.323,314,281
2015-12-22,174,1037,1.0,0.331,319,279
2015-12-23,175,1025,2.1,0.35,341,279
2015-12-24,176,1030,4.1,0.336,326,281
2015-12-25,177,1032,3.1,0.362,351,278
2015-12-26,178,1011,6.1,0.336,332,282
2015-12-27,179,1016,5.1,0.314,309,279
2015-12-28,180,1013,6.1,0.326,321,276
2015-12-29,181,1007,3.4,0.322,320,277
2015-12-30,182,1020,4.3,0.326,320,276
2015-12-31,183,1007,5.4,0.334,332,276
2016-01-01,184,1014,4.7,0.319,314,272
2016-01-02,185,1012,4.3,0.315,311,273
2016-01-03,186,1014,3.3,0.316,311,272
2016-01-04,187,1003,6.5,0.322,321,273
2016-01-05,188,1008,6.0,0.326,324,272
2016-01-06,189,1001,7.8,0.333,333,270
2016-01-07,190,1005,7.0,0.312,310,271
2016-01-08,191,1002,8.0,0.327,326,269
2016-01-09,192,1004,6.0,0.325,324,270
2016-01-10,193,1003,5.0,0.325,324,270
2016-01-11,194,1000,5.0,0.317,317,270
2016-01-12,195,968,4.0,0.337,349,269
2016-01-13,196,994,5.0,0.330,332,270
2016-01-14,197,972,5.0,0.324,333,269
2016-01-15,198,968,4.0,0.327,338,267
2016-01-16,199,982,3.0,0.338,344,267
2016-01-17,200,984,4.0,0.348,353,264
2016-01-18,201,955,4.0,0.349,366,266
2016-01-19,202,966,4.0,0.343,355,270
2016-01-20,203,961,4.0,0.336,349,270
2016-01-21,204,964,4.0,0.340,352,268
2016-01-22,205,969,5.0,0.344,355,268
2016-01-23,206,961,4.0,0.330,343,269
2016-01-24,207,962,5.0,0.342,355,268
2016-01-25,208,956,4.0,0.356,373,269
2016-01-26,209,979,2.0,0.334,341,265
2016-01-27,210,948,3.0,0.336,355,267
2016-01-28,211,952,2.0,0.331,348,267
2016-01-29,212,963,4.0,0.326,339,265
2016-01-30,213,953,2.0,0.323,339,266
2016-01-31,214,962,2.0,0.332,345,266
2016-02-01,215,954,3.0,0.334,350,266
2016-02-02,216,941,7.0,0.333,354,266
2016-02-03,217,958,5.0,0.324,338,266
2016-02-04,218,940,7.0,0.342,364,264
2016-02-05,219,926,2.0,0.341,368,264
2016-02-06,220,927,4.0,0.341,368,266
2016-02-07,221,941,4.0,0.339,360,266
2016-02-08,222,938,3.0,0.338,360,267
2016-02-09,223,939,3.0,0.337,359,265
2016-02-10,224,926,4.0,0.337,364,265
2016-02-11,225,957,5.3,0.321,335,264
2016-02-12,226,946,4.2,0.320,338,263
2016-02-13,227,940,6.1,0.318,339,266
2016-02-14,228,919,5.6,0.321,349,263
2016-02-15,229,931,8.4,0.315,338,262
2016-02-16,230,915,12.6,0.322,352,265
2016-02-17,231,931,9.8,0.307,330,262
2016-02-18,232,947,8.1,0.319,337,261
2016-02-19,233,929,4.0,0.314,338,262
2016-02-20,234,940,7.9,0.321,342,263
2016-02-21,235,925,7.0,0.317,342,262
2016-02-22,236,930,6.0,0.322,346,261
2016-02-23,237,944,6.0,0.313,332,258
2016-02-24,238,923,5.0,0.317,344,256
2016-02-25,239,933,9.0,0.317,340,240
2016-02-26,240,928,10.0,0.323,348,257
2016-02-27,241,919,9.0,0.313,341,255
2016-02-28,242,927,6.0,0.314,339,256
2016-02-29,243,924,8.0,0.317,343,256
2016-03-01,244,917,8.3,0.309,337,255
2016-03-02,245,928,7.5,0.311,335,254
2016-03-03,246,910,9.8,0.314,344,256
2016-03-04,247,909,8.9,0.316,347,254
2016-03-05,248,923,6.7,0.305,330,254
2016-03-06,249,911,7.0,0.313,344,255
2016-03-07,250,920,7.4,0.316,344,254
2016-03-08,251,906,4.0,0.319,352,253
2016-03-09,252,909,4.0,0.316,347,253
2016-03-10,253,902,3.0,0.316,350,254
2016-03-11,254,900,4.0,0.317,352,254
2016-03-12,255,901,2.0,0.291,323,254
2016-03-13,256,894,4.0,0.303,339,254
2016-03-14,257,900,3.0,0.307,341,253
2016-03-15,258,905,2.0,0.306,339,254
2016-03-16,259,907,2.0,0.299,330,253
2016-03-17,260,900,2.0,0.302,336,254
2016-03-18,261,901,4.0,0.296,329,253
2016-03-19,262,900,2.0,0.290,322,252
2016-03-20,263,903,2.0,0.297,329,254
2016-03-21,264,901,3.0,0.292,324,253
2016-03-22,265,901,6.2,0.297,329,251
2016-03-23,266,903,6.3,0.308,341,253
2016-03-24,267,901,5.1,0.311,345,252
2016-03-25,268,903,4.6,0.312,346,253
2016-03-26,269,902,6.4,0.315,350,253
2016-03-27,270,901,7.7,0.313,347,253
2016-03-28,271,900,8.3,0.309,344,253
2016-03-29,272,901,5.0,0.307,341,258
2016-03-30,273,899,6.9,0.312,347,258
2016-03-31,274,902,7.0,0.311,345,251
2016-04-01,275,901,7.0,0.307,340,251
2016-04-02,276,904,7.1,0.308,340,252
2016-04-03,277,902,6.0,0.310,343,251
2016-04-04,278,901,6.5,0.309,343,251
2016-04-05,279,903,6.7,0.316,350,251
2016-04-06,280,902,6.9,0.319,354,249
2016-04-07,281,901,6.5,0.317,352,249
2016-04-08,282,902,7.3,0.312,346,250
2016-04-09,283,900,6.2,0.307,341,250
2016-04-10,284,902,7.8,0.311,344,251
2016-04-11,285,900,6.3,0.314,349,250
2016-04-12,286,899,5.4,0.309,344,250
2016-04-13,287,901,3.7,0.308,342,250
2016-04-14,288,897,5.2,0.299,333,250
2016-04-15,289,895,3.0,0.297,332,251
2016-04-16,290,897,4.7,0.314,350,249
2016-04-17,291,900,5.0,0.311,345,252
2016-04-18,292,900,3.0,0.309,343,251
2016-04-19,293,898,5.9,0.318,354,251
2016-04-20,294,894,6.1,0.322,360,254
2016-04-21,295,896,4.8,0.330,368,253
2016-04-22,296,894,5.7,0.321,358,253
2016-04-23,297,897,6.7,0.312,348,251
2016-04-24,298,893,5.5,0.291,326,254
2016-04-25,299,891,2.0,0.295,331,250
2016-04-26,300,892,5.4,0.307,344,254
2016-04-27,301,892,7.0,0.322,361,265
2016-04-28,302,890,6.0,0.315,354,253
2016-04-29,303,889,7.0,0.301,339,252
2016-04-30,304,891,4.0,0.314,352,247
2016-05-01,305,889,3.0,0.320,360,251
2016-05-02,306,885,8.0,0.315,356,251
2016-05-03,307,878,6.8,0.315,358,251
2016-05-04,308,870,10.0,0.313,359,252
2016-05-05,309,866,12.7,0.302,349,252
2016-05-06,310,867,12.7,0.313,361,254
2016-05-07,311,860,13.6,0.305,354,253
2016-05-08,312,861,13.8,0.309,359,252
2016-05-09,313,858,13.4,0.312,364,253
2016-05-10,314,859,12.6,0.314,366,252
2016-05-11,315,855,13.3,0.314,367,253
2016-05-12,316,856,12.4,0.309,361,253
2016-05-13,317,850,12.8,0.318,374,252
2016-05-14,318,852,12.5,0.311,365,253
2016-05-15,319,848,13.1,0.321,379,252
2016-05-16,320,849,12.8,0.305,359,252
2016-05-17,321,846,12.4,0.297,351,252
2016-05-18,322,842,10.5,0.304,361,253
2016-05-19,323,840,11.7,0.3,357,251
2016-05-20,324,838,11.8,0.308,367,252
2016-05-21,325,837,9.9,0.305,364,252
2016-05-22,326,835,9.9,0.307,368,252
2016-05-23,327,835,8.0,0.308,369,253
2016-05-24,328,831,12.8,0.310,373,255
2016-05-25,329,829,12.3,0.308,371,254
2016-05-26,330,824,11.9,0.311,377,255
2016-05-27,331,820,11.3,0.314,383,255
2016-05-28,332,819,11.1,0.317,387,257
2016-05-29,333,815,11.1,0.316,388,256
2016-05-30,334,812,10.7,0.310,382,256
2016-05-31,335,808,10.7,0.316,391,259
2016-06-01,336,806,9.9,0.313,388,260
2016-06-02,337,806,12.2,0.317,393,261
2016-06-03,338,804,10.0,0.316,393,260
2016-06-04,339,802,10.0,0.318,396,262
2016-06-05,340,802,9.2,0.323,403,261
2016-06-06,341,801,10.8,0.317,396,261
2016-06-07,342,802,10.8,0.321,400,260
2016-06-08,343,798,11.6,0.319,400,263
2016-06-09,344,800,11.2,0.320,400,264
2016-06-10,345,801,11.9,0.322,402,262.5
2016-06-11,346,800,11.1,0.316,395,264
2016-06-12,347,798,12.4,0.323,405,263
2016-06-13,348,797,13.3,0.328,412,263
2016-06-14,349,797,11.6,0.323,405,264
2016-06-15,350,795,12.9,0.323,406,260
2016-06-16,351,780,23.6,0.324,415,260
2016-06-17,352,760,29.5,0.327,430,260
2016-06-18,353,754,33.8,0.315,418,264
2016-06-19,354,752,30.7,0.323,430,265
2016-06-20,355,752,22.7,0.330,439,265
2016-06-21,356,747,20.9,0.324,434,266
2016-06-22,357,746,18.8,0.331,444,266
2016-06-23,358,745,17.3,0.330,443,266
2016-06-24,359,744,19.4,0.329,442,266
2016-06-25,360,747,16.2,0.327,438,266
2016-06-26,361,748,15.6,0.326,436,267
2016-06-27,362,746,16.3,0.324,434,266
2016-06-28,363,742,17.3,0.332,447,266
2016-06-29,364,742,11.7,0.334,450,269
2016-06-30,365,743,13.7,0.336,452,271
2016-07-01,366,744,14.0,0.337,453,270
2016-07-02,367,742,14.6,0.338,456,270
2016-07-03,368,745,13.6,0.334,448,268
2016-07-04,369,746,12.8,0.357,479,264
2016-07-05,370,747,11.9,0.352,471,262
2016-07-06,371,746,11.7,0.347,465,264
2016-07-07,372,745,12.2,0.340,457,267
2016-07-08,373,745,13.1,0.341,458,265
2016-07-09,374,743,12.8,0.342,460,266
2016-07-10,375,741,11.0,0.341,460,264
2016-07-11,376,743,12.3,0.340,458,268
2016-07-12,377,745,11.0,0.360,483,265
2016-07-13,378,745,10.0,0.374,502,265
2016-07-14,379,742,11.9,0.331,446,269
2016-07-15,380,741,11.2,0.331,447,270
2016-07-16,381,738,9.9,0.330,447,264
2016-07-17,382,740,8.9,0.330,446,264
2016-07-18,383,740,9.4,0.331,447,264
2016-07-19,384,738,9.3,0.327,443,267
2016-07-20,385,738,9.1,0.331,449,266
2016-07-21,386,739,12.8,0.318,430,268
2016-07-22,387,736,9.6,0.313,425,265
2016-07-23,388,730,28.1,0.311,426,264
2016-07-24,389,731,6.1,0.3275,448,261
2016-07-25,390,731,10.9,0.312,427,260.5
2016-07-26,391,728,8.2,0.312,429,264
2016-07-27,392,722,12.8,0.315,436,260.5
2016-07-28,393,719,12.0,0.312,434,261.3
2016-07-29,394,715,10.1,0.303,424,262
2016-07-30,395,716,5.6,0.318,444,261
2016-07-31,396,714,7.6,0.313,438,261
2016-08-01,397,713,9.9,0.310,435,261
2016-08-02,398,715,11.0,0.309,432,262
2016-08-03,399,716,12.1,0.312,436,261
2016-08-04,400,716,9.7,0.311,434,261
2016-08-05,401,715,8.7,0.310,433,261
2016-08-06,402,713,11.8,0.289,405,260
2016-08-07,403,714,11.3,0.285,399,261
2016-08-08,404,712,10.8,0.294,413,261
2016-08-09,405,709,11.7,0.308,434,268
2016-08-10,406,710,12.2,0.310,437,270
2016-08-11,407,705,14.5,0.322,457,267
2016-08-12,408,704,13.0,0.316,449,268
2016-08-13,409,705,11.9,0.315,447,267
2016-08-14,410,703,14.0,0.314,447,269
2016-08-15,411,701,13.3,0.313,446,269
2016-08-16,412,700,16.2,0.302,431,298
2016-08-17,413,703,14.1,0.306,435,357
2016-08-18,414,700,12.8,0.318,454,476
2016-08-19,415,702,10.7,0.312,444,509
2016-08-20,416,700,13.3,0.305,436,476
2016-08-21,417,704,14.2,0.312,443,432
2016-08-22,418,698,14.3,0.312,447,503
2016-08-23,419,695,12.1,0.309,445,305
2016-08-24,420,692,14.7,0.311,449,321
2016-08-25,421,686,16.6,0.318,464,307
2016-08-26,422,687,14.5,0.313,456,286
2016-08-27,423,685,17.2,0.331,483,296
2016-08-28,424,689,12.1,0.322,468,361
2016-08-29,425,691,11.1,0.310,449,426
2016-08-30,426,689,9.8,0.316,459,546
2016-08-31,427,653,2.3,0.335,513,584
2016-09-01,428,660,13.9,0.334,506,267
2016-09-02,429,662,12.5,0.324,490,316
2016-09-03,430,660,12.2,0.318,482,307
2016-09-04,431,661,9.6,0.317,480,353
2016-09-05,432,658,16.5,0.31,471,261
2016-09-06,433,659,12.4,0.315,478,261
2016-09-09,436,413,8.4,0.187,453,415
2016-09-10,437,454,9.8,0.215,473,368
2016-09-11,438,646,18.2,0.32,496,292
2016-09-12,439,669,18.6,0.331,495,302
2016-09-13,440,667,19.1,0.325,487,297
2016-09-14,441,668,15.1,0.321,480,282
2016-09-15,442,667,17.8,0.324,486,285
2016-09-16,443,670,19.4,0.322,481,287
2016-09-17,444,668,13.8,0.324,485,300
2016-09-18,445,666,12.4,0.323,485,287
2016-09-19,446,666,9.7,0.323,485,285
2016-09-20,447,666,12.2,0.324,486,285
2016-09-21,448,667,11.4,0.323,485,273
2016-09-22,449,665,15,0.323,486,274
2016-09-23,450,665,10.5,0.324,487,275
2016-09-24,451,663,10.5,0.324,489,277
2016-09-25,452,661,11,0.321,486,278
2016-09-26,453,658,12,0.323,491,276
2016-09-27,454,654,11.3,0.319,487,698
2016-09-28,455,650,12.6,0.315,485,383
2016-09-29,456,645,13.6,0.316,490,862
2016-09-30,457,642,14.5,0.326,508,1150
2016-10-01,458,636,11.4,0.318,500,962
2016-10-02,459,640,10.9,0.319,499,714
2016-10-03,460,640,15.1,0.319,499,345
2016-10-04,461,641,13.8,0.314,490,366
2016-10-05,462,634,12.2,0.327,516,285
2016-10-06,463,636,16,0.332,522,289
2016-10-07,464,630,12.8,0.34,540,285
2016-10-08,465,631,13.4,0.337,534,703
2016-10-09,466,629,12.7,0.337,536,851.5
2016-10-10,467,631,14.3,0.325,515,429
2016-10-11,468,625.2,15.1,0.332,531,339
2016-10-12,469,624.2,12.3,0.334,535,457
2016-10-13,470,627.3,15.3,0.329,524,289
2016-10-14,471,623.7,15.5,0.328,526,429
2016-10-15,472,628,12.6,0.324,516,277
2016-10-16,473,629.7,13.5,0.328,521,307
2016-10-17,474,627.9,14.3,0.337,537,282
2016-10-18,475,630.8,13.9,0.33,523,283
2016-10-19,476,627.9,12.8,0.339,540,280
2016-10-20,477,622.4,11.1,0.334,537,280
2016-10-21,478,624.1,11.7,0.334,535,279
2016-10-22,479,622.8,11.9,0.33,530,279
2016-10-23,480,617.2,11,0.34,551,280
2016-10-24,481,617.9,10.9,0.333,539,281
2016-10-25,482,626.4,11,0.329,525,282
2016-10-26,483,627.2,10.6,0.331,528,284
2016-10-27,484,626.9,11.7,0.319,509,284
2016-10-28,485,624.8,11.7,0.313,501,285
2016-10-29,486,623.7,10.9,0.32,513,280.5
2016-10-30,487,621.6,10.8,0.321,516,280
2016-10-31,488,621.7,10.4,0.323,520,280
2016-11-01,489,620,12.1,0.321,518,281
2016-11-02,490,622.1,13,0.3225,518,281
2016-11-03,491,619.8,12.8,0.323,521,284
2016-11-04,492,618.8,11.1,0.32,517,286
2016-11-05,493,613.9,13.5,0.323,526,287
2016-11-06,494,618.2,12,0.328,531,287
2016-11-07,495,615.3,12.3,0.329,535,284.5
2016-11-08,496,616.8,11.4,0.326,529,284.5
2016-11-09,497,616.9,11.7,0.327,530,284
2016-11-10,498,612.3,12,0.32,523,286
2016-11-11,499,614.8,13.1,0.317,516,288
2016-11-12,500,610,14.1,0.32,525,289
2016-11-13,501,608.9,14.3,0.319,524,288
2016-11-17,505,598.8,13,0.326,544,287
2016-11-18,506,597.8,13.3,0.336,562,273
2016-11-19,507,595.2,16.2,0.333,559,286
2016-11-20,508,598.7,14.9,0.327,546,307
2016-11-21,509,595.4,14.5,0.322,541,313
2016-11-22,510,596.2,14.3,0.328,550,301
2016-11-23,511,596.7,13.4,0.329,551,305
2016-11-24,512,595.6,14.5,0.325,546,301
2016-11-26,514,594.3,15,0.326,549,309
2016-11-27,515,588.3,14.4,0.333,566,307
2016-11-28,516,586.1,14.1,0.33,563,301
2016-11-29,517,587.4,12.5,0.331,564,307
2016-11-30,518,590.8,13.8,0.334,565,333
2016-12-01,519,588.7,13.1,0.334,567,301
2016-12-02,520,588,13.2,0.334,568,307
2016-12-03,521,585.4,11,0.329,562,309
2016-12-04,522,586.4,12.9,0.336,573,366
2016-12-05,523,584,13,0.331,567,303
2016-12-06,524,585.1,13.4,0.328,561,305
2016-12-07,525,583,12.2,0.332,569,318
2016-12-08,526,585,14.1,0.337,576,363
2016-12-09,527,583.1,12,0.332,569,331
2016-12-10,528,589.2,13.3,0.328,557,334
2016-12-11,529,588,15.2,0.329,560,301
2016-12-12,530,589.2,12.7,0.327,555,301
2016-12-13,531,588.3,13.6,0.329,559,301
2016-12-14,532,587.4,13.1,0.326,555,301
2016-12-15,533,588.1,13,0.328,558,301
2016-12-16,534,585.7,12.7,0.33,563,300
2016-12-17,535,586.1,12.6,0.332,566,300
2016-12-18,536,584,14.3,0.332,568,300
2016-12-19,537,585.1,13.8,0.333,569,301
2016-12-20,538,582.4,12.8,0.334,573,300
2016-12-21,539,582,13.7,0.332,570,300
2016-12-22,540,584,11.9,0.33,565,300
2016-12-23,541,580,13.9,0.32,552,298
2016-12-24,542,578.9,12.6,0.328,567,298
2016-12-25,543,578.5,14.1,0.325,562,299
2016-12-26,544,577.3,15.7,0.328,568,301
2016-12-27,545,576.5,16.9,0.328,569,302
2016-12-28,546,575.4,15.4,0.333,579,301
2016-12-29,547,574.4,15,0.33,575,300
2016-12-30,548,572,13.4,0.329,575,307
2016-12-31,549,569.7,14.3,0.324,569,317
2017-01-01,550,567,16.4,0.327,577,318
2017-01-02,551,564.1,15.9,0.323,573,307
2017-01-03,552,564.7,15.9,0.322,570,285
2017-01-04,553,566.4,15.8,0.323,570,280
2017-01-05,554,565.1,15.9,0.329,582,282
2017-01-06,555,568.2,13.8,0.333,586,283
2017-01-07,556,567,14.3,0.331,584,284
2017-01-08,557,567.7,13.4,0.33,581,285
2017-01-09,558,566.7,15.1,0.332,586,284
2017-01-10,559,563.9,13.8,0.324,575,264
2017-01-11,560,565,14.1,0.321,568,280
2017-01-12,561,562.6,14.6,0.319,567,274
2017-01-13,562,563.9,15.2,0.323,573,270
2017-01-14,563,562.4,15.2,0.323,574,260
2017-01-15,564,563.1,14.4,0.32,568,264
2017-01-16,565,560.7,14.1,0.323,576,262
2017-01-17,566,562.7,13.7,0.322,572,262
2017-01-18,567,562.6,13.9,0.322,572,262
2017-01-19,568,560.6,13.6,0.32,571,262
2017-01-20,569,561.1,13.6,0.323,576,263
2017-01-21,570,559.8,14.9,0.323,577,263
2017-01-22,571,561,15.3,0.32,570,262
2017-01-23,572,560,14.6,0.321,573,262
2017-01-24,573,561.4,13.7,0.32,570,262
2017-01-25,574,559.3,14.9,0.322,576,262
2017-01-26,575,557.4,14.2,0.324,581,262
2017-01-27,576,557.4,13.8,0.324,581,262
2017-01-28,577,556.3,14.1,0.326,586,262
2017-01-29,578,556.9,13.2,0.324,582,262
2017-01-30,579,555.2,14.3,0.326,587,261
2017-01-31,580,557.3,13.7,0.331,594,263
2017-02-01,581,556.1,14.7,0.327,588,262
2017-02-02,582,554.9,14.6,0.326,587,261
2017-02-03,583,552.6,14.7,0.327,592,260
2017-02-04,584,549.8,14,0.33,600,260
2017-02-05,585,550.9,14.3,0.326,592,260
2017-02-06,586,549.2,14.9,0.329,599,259
2017-02-07,587,548.3,15,0.326,595,258
2017-02-08,588,547.4,14.5,0.324,592,257
2017-02-09,589,546.2,14,0.322,590,257
2017-02-10,590,545.1,13.2,0.321,589,263
2017-02-11,591,543.1,13.8,0.318,586,256
2017-02-12,592,541.2,13.4,0.317,586,255
2017-02-13,593,538.1,14,0.319,593,254
2017-02-14,594,539.1,14.6,0.322,597,254
2017-02-15,595,539.9,13.7,0.316,585,257
2017-02-16,596,538,14.4,0.318,591,212
2017-02-17,597,539.4,14,0.303,562,260
2017-02-18,598,538.4,11,0.308,572,258
2017-02-19,599,540,13.3,0.312,578,260
2017-02-20,600,539.6,13.9,0.312,578,256
2017-02-21,601,539.5,13.8,0.315,584,257
2017-02-22,602,538.9,14.3,0.314,583,256
2017-02-23,603,539.3,14.4,0.309,573,257
2017-02-24,604,537.9,14.5,0.309,574,256
2017-02-25,605,536.3,14.6,0.313,584,256
2017-02-26,606,535.8,14.2,0.316,590,257
2017-02-27,607,539.1,13.7,0.311,577,257
2017-02-28,608,539.2,14.1,0.315,584,255
2017-03-01,609,537.9,13.4,0.315,585,255
2017-03-02,610,537,14,0.316,588,255
2017-03-03,611,536.7,13.4,0.310,578,255
2017-03-04,612,536.1,14,0.312,581,255
2017-03-05,613,536.2,13.3,0.311,580,255
2017-03-06,614,537,12.1,0.313,583,253
2017-03-07,615,535.5,12.1,0.312,582,253
2017-03-08,616,535.1,12.7,0.310,579,257
2017-03-09,617,533.1,12.5,0.309,580,252
2017-03-10,618,532.2,13.2,0.311,584,253
2017-03-11,619,531.4,13.6,0.311,586,253
2017-03-12,620,530.1,13.8,0.309,582,251
2017-03-13,621,529,13.8,0.310,586,251
2017-03-14,622,530.2,13.5,0.311,586,252
2017-03-15,623,528.2,13,0.311,590,251
2017-03-16,624,527.9,14.8,0.314,596,247
2017-03-17,625,526.1,14,0.317,602,246
2017-03-18,626,523.2,14.7,0.315,602,245
2017-03-19,627,523.8,14.6,0.315,601,246
2017-03-20,628,524.2,15,0.317,605,245
2017-03-21,629,523,14.9,0.316,605,244
2017-03-22,630,523.3,15,0.318,607,244
2017-03-23,631,525.2,12.7,0.315,600,244
2017-03-24,632,525.1,13,0.315,600,244
2017-03-25,633,524.2,13.2,0.317,605,244
2017-03-26,634,526.4,13.4,0.313,594,244
2017-03-27,635,524.2,14.1,0.314,599,244
2017-03-28,636,523.1,14.8,0.316,604,244
2017-03-29,637,523.8,13.1,0.314,600,243
2017-03-30,638,523.6,13.3,0.312,595,244
2017-03-31,639,521,13,0.316,607,242
2017-04-01,640,519.3,14.1,0.311,598,241
2017-04-02,641,519.2,14.1,0.323,622,241
2017-04-03,642,520.1,13.7,0.328,631,239
2017-04-04,643,520.4,14,0.326,626,243
2017-04-05,644,519.1,14.1,0.324,624,245
2017-04-06,645,518.9,14.2,0.323,622,246
2017-04-07,646,517.1,13.3,0.323,625,245
2017-04-08,647,513.9,13.9,0.324,630,241
2017-04-09,648,514.7,13,0.322,626,243
2017-04-10,649,514.6,13.9,0.324,630,246
2017-04-11,650,513.5,13.6,0.322,627,245
2017-04-12,651,512.8,13.1,0.324,632,242
2017-04-13,652,512,13.2,0.327,639,243
2017-04-14,653,510.2,14,0.329,645,244
2017-04-15,654,509.1,14,0.327,642,243
2017-04-16,655,508.2,14.3,0.329,647,242
2017-04-17,656,508.1,13.7,0.327,644,242
2017-04-18,657,508.6,14.1,0.329,647,243
2017-04-19,658,507.3,14.5,0.326,643,242
2017-04-20,659,508.1,14.7,0.323,636,243
2017-04-21,660,507.4,14.6,0.322,635,244
2017-04-22,661,506,15,0.324,640,243
2017-04-23,662,507.1,15.3,0.319,629,244
2017-04-24,663,505.1,14.1,0.319,632,242
2017-04-25,664,504,14.8,0.321,637,241
2017-04-26,665,503.3,14,0.318,632,240
2017-04-27,666,502.3,13.5,0.317,631,240
2017-04-28,667,500.4,13,0.313,625,239
2017-04-29,668,503,12.5,0.313,622,239
2017-04-30,669,500.1,13.7,0.313,626,239
2017-05-01,670,501.6,13,0.313,624,239
2017-05-02,671,501.9,13.3,0.314,626,239
2017-05-03,672,503.3,12.8,0.314,624,239
2017-05-04,673,502.1,14.5,0.309,615,239
2017-05-05,674,502.9,13.5,0.311,618,239
2017-05-06,675,501.5,13.2,0.314,626,239
2017-05-07,676,501,13.1,0.317,633,238
2017-05-08,677,502.2,12.7,0.319,635,238
2017-05-09,678,501.3,12.8,0.320,638,238
2017-05-10,679,501.9,12.4,0.319,636,238
2017-05-11,680,500.5,13.1,0.320,639,238
2017-05-12,681,500.9,12.7,0.319,637,238
2017-05-13,682,501.7,12.7,0.315,628,238
2017-05-14,683,500.3,12.1,0.319,638,238
2017-05-15,684,501.6,12.2,0.316,630,239
2017-05-16,685,502.4,12.5,0.314,625,239
2017-05-17,686,501.2,13.1,0.315,628,239
2017-05-18,687,501.3,12.4,0.313,624,240
2017-05-19,688,500.2,12.5,0.314,628,239
2017-05-20,689,503.1,11.5,0.311,618,241
2017-05-21,690,503.1,11.5,0.311,618,241
